"Instrument","Qty.","Avg. cost","LTP","Invested","Cur. val","P&L","Net chg.","Day chg.",""
"IRFC",375,130.69,88.75,49008.4,33281.25,-15727.15,-32.09,-0.6,""
"INOXWIND",420,114.41,78,48051.4,32760,-15291.4,-31.82,-0.26,""
"PGHH",4,11906.07,8497,47624.28,33988,-13636.28,-28.63,0.15,""
"NETWORK18",1200,40.85,29.56,49018.5,35472,-13546.5,-27.64,-1.17,""
"ROUTE",62,720.02,528.3,44641.4,32754.6,-11886.8,-26.63,-0.97,""
"NEWGEN",95,672.38,551,63875.65,52345,-11530.65,-18.05,1.59,""
"MHRIL",123,322.82,229.66,39706.57,28248.18,-11458.39,-28.86,-0.57,""
"EIHOTEL",142,381.92,306.55,54232.48,43530.1,-10702.38,-19.73,-5.87,""
"RSYSTEMS",167,306.4,247.85,51168.52,41390.95,-9777.57,-19.11,-3.16,""
"KPITTECH",59,794.72,629.9,46888.65,37164.1,-9724.55,-20.74,1.11,""
"HERITGFOOD",106,452.84,361.8,48001.54,38350.8,-9650.74,-20.11,0.91,""
"IRCON",200,178.54,131.25,35707.7,26250,-9457.7,-26.49,-0.65,""
"TRENT",17,3527.09,2997,59960.51,50949,-9011.51,-15.03,-3.54,""
"ASHOKA",200,161.03,118.33,32205.5,23666,-8539.5,-26.52,-1.25,""
"WHIRLPOOL",32,1067.16,813.15,34149.1,26020.8,-8128.3,-23.8,-2.08,""
"LEMONTREE",240,144.48,111.01,34674.4,26642.4,-8032,-23.16,-1.58,""
"BOROLTD",170,291.27,244.21,49516.6,41515.7,-8000.9,-16.16,-1.52,""
"JAINREC",85,399.93,308.4,33994.4,26214,-7780.4,-22.89,-2.2,""
"RAILTEL",95,368.51,288.55,35008.35,27412.25,-7596.1,-21.7,-0.79,""
"IEX",210,162.13,127.1,34048.3,26691,-7357.3,-21.61,-1.34,""
"TATAELXSI",9,4559.4,3781,41034.6,34029,-7005.6,-17.07,1.78,""
"BEML",14,2273.57,1787.8,31830,25029.2,-6800.8,-21.37,3.63,""
"ACC",17,1760.11,1362.8,29921.9,23167.6,-6754.3,-22.57,-1.13,""
"CDSL",24,1599.05,1328,38377.2,31872,-6505.2,-16.95,-0.23,""
"ITC",65,385.02,286.1,25026,18596.5,-6429.5,-25.69,0.07,""
"CYIENT",26,1095.92,857.5,28494,22295,-6199,-21.76,0.3,""
"MAZDOCK",11,3073.41,2514.9,33807.5,27663.9,-6143.6,-18.17,-0.6,""
"ROHLTD",60,424.89,323.2,25493.2,19392,-6101.2,-23.93,3.42,""
"JIOFIN",137,300.41,256.8,41156.3,35181.6,-5974.7,-14.52,-2.39,""
"BDL",25,1529.51,1294,38237.76,32350,-5887.76,-15.4,-0.38,""
"SBICARD",39,796.9,659,31078.95,25701,-5377.95,-17.3,-0.15,""
"RVNL",85,296.38,233.38,25192.25,19837.3,-5354.95,-21.26,-0.69,""
"SJVN",240,90.01,67.96,21602.2,16310.4,-5291.8,-24.5,-0.69,""
"TCS",27,2644.65,2452.7,71405.63,66222.9,-5182.73,-7.26,3.36,""
"INFY",35,1317.52,1175.1,46113.3,41128.5,-4984.8,-10.81,0.87,""
"HDFCBANK",40,852.46,731,34098.2,29240,-4858.2,-14.25,-0.45,""
"PATELENG",900,33.8,28.59,30420,25731,-4689,-15.41,-0.69,""
"WAAREEENER",7,3377.13,2717,23639.9,19019,-4620.9,-19.55,2.11,""
"IRCTC",37,642.84,519.95,23785.1,19238.15,-4546.95,-19.12,-0.1,""
"MOTILALOFS",30,1013.35,870,30400.5,26100,-4300.5,-14.15,-0.46,""
"DBCORP",95,252.88,210.41,24023.8,19988.95,-4034.85,-16.8,-0.11,""
"NIITMTS",105,280.62,242.79,29465.5,25492.95,-3972.55,-13.48,-0.31,""
"WIPRO",155,213.03,187.53,33019.25,29067.15,-3952.1,-11.97,0.76,""
"MPHASIS",13,2766.88,2475,35969.38,32175,-3794.38,-10.55,2.19,""
"COLPAL",13,2318.98,2030,30146.79,26390,-3756.79,-12.46,0.08,""
"MGL",22,1293.95,1139.6,28466.8,25071.2,-3395.6,-11.93,1.41,""
"ZENTEC",15,1932.56,1721.1,28988.45,25816.5,-3171.95,-10.94,-0.78,""
"DABUR",35,500.4,410,17513.9,14350,-3163.9,-18.07,-0.32,""
"WAAREERTL",17,1093.11,908.65,18582.9,15447.05,-3135.85,-16.87,0.39,""
"ADANIGREEN",19,1537.14,1372.4,29205.75,26075.6,-3130.15,-10.72,0.07,""
"JWL",60,311.64,260,18698.7,15600,-3098.7,-16.57,-0.8,""
"VGUARD",70,363.27,319.65,25428.6,22375.5,-3053.1,-12.01,-0.81,""
"BORORENEW",37,623.09,548.65,23054.42,20300.05,-2754.37,-11.95,-1.46,""
"EUREKAFORB",30,540.17,450.55,16205.25,13516.5,-2688.75,-16.59,-2,""
"GATEWAY",223,68.38,56.5,15247.84,12599.5,-2648.34,-17.37,-0.51,""
"GRSE",6,3039.87,2599,18239.2,15594,-2645.2,-14.5,-0.02,""
"OSWALPUMPS",25,428.25,326.1,10706.25,8152.5,-2553.75,-23.85,0.98,""
"LAOPALA",119,210.32,189.96,25028.64,22605.24,-2423.4,-9.68,-1.98,""
"BSOFT",50,366.42,318.5,18321,15925,-2396,-13.08,0.08,""
"TEJASNET",23,611.83,513.45,14072.1,11809.35,-2262.75,-16.08,-1.69,""
"PRAJIND",28,404.2,325.05,11317.6,9101.4,-2216.2,-19.58,1.69,""
"UTIAMC",10,1105,896.65,11050,8966.5,-2083.5,-18.86,-0.41,""
"IFCI",200,84.36,73.98,16872,14796,-2076,-12.3,-1.24,""
"OLECTRA",15,1522.12,1385,22831.87,20775,-2056.87,-9.01,-1.03,""
"MEDPLUS",17,819.59,700.25,13932.95,11904.25,-2028.7,-14.56,1.46,""
"RECLTD",45,412,367,18540,16515,-2025,-10.92,1.52,""
"GAIL",110,191.93,173.63,21111.8,19099.3,-2012.5,-9.53,-1.57,""
"NTPCGREEN",100,111.5,91.5,11150,9150,-2000,-17.94,0.19,""
"STAR",12,1167.16,1003.8,14005.92,12045.6,-1960.32,-14,0.66,""
"TRIDENT",900,27.32,25.18,24586,22662,-1924,-7.83,1.12,""
"ITBEES",900,37.07,34.98,33367,31482,-1885,-5.65,1.22,""
"LICHSGFIN",15,625,504.25,9375,7563.75,-1811.25,-19.32,-0.15,""
"FMCGIETF",250,60.21,52.99,15052.5,13247.5,-1805,-11.99,-0.09,""
"HGINFRA",20,638,549.15,12760,10983,-1777,-13.93,-0.57,""
"SILVERBEES",50,255.47,220.47,12773.5,11023.5,-1750,-13.7,2.77,""
"SAMHI",130,187.14,174.65,24328.7,22704.5,-1624.2,-6.68,-0.9,""
"COHANCE",40,486.33,445.75,19453,17830,-1623,-8.34,1.56,""
"PARAGMILK",70,246.32,223.22,17242.5,15625.4,-1617.1,-9.38,-1.23,""
"BRITANNIA",2,6310.5,5510,12621,11020,-1601,-12.69,1.96,""
"DELHIVERY",40,513.33,473.3,20533,18932,-1601,-7.8,2.09,""
"JKPAPER",53,416.91,387.05,22096.25,20513.65,-1582.6,-7.16,-0.55,""
"MARUTI",2,14789,14037,29578,28074,-1504,-5.08,-0.31,""
"TATACOMM",5,2056,1755.2,10280,8776,-1504,-14.63,1.14,""
"TCI",10,1064,916.35,10640,9163.5,-1476.5,-13.88,-1.15,""
"EIDPARRY",27,858.43,805.1,23177.5,21737.7,-1439.8,-6.21,-0.59,""
"HINDZINC",45,634.93,603,28572,27135,-1437,-5.03,2.2,""
"HINDPETRO",20,463.3,393.05,9266,7861,-1405,-15.16,-0.49,""
"IDEA",600,15.05,12.73,9030,7638,-1392,-15.42,0.79,""
"HINDCOPPER",22,596.02,536.1,13112.5,11794.2,-1318.3,-10.05,-1.8,""
"TEAMLEASE",6,1471.8,1253.6,8830.8,7521.6,-1309.2,-14.83,0.01,""
"SWIGGY",50,306.67,280.75,15333.7,14037.5,-1296.2,-8.45,-2.74,""
"TRITURBINE",15,722.6,636.45,10839,9546.75,-1292.25,-11.92,-1.53,""
"HEROMOTOCO",3,6152,5725,18456,17175,-1281,-6.94,3.14,""
"HUDCO",50,226.55,201.04,11327.5,10052,-1275.5,-11.26,-0.53,""
"TITAGARH",12,947.4,847.45,11368.8,10169.4,-1199.4,-10.55,-1.65,""
"SUZLON",107,59.14,48.15,6327.98,5152.05,-1175.93,-18.58,0.1,""
"BRIGADE",59,601.42,581.95,35484.07,34335.05,-1149.02,-3.24,1.75,""
"COALINDIA",22,467.48,415.25,10284.5,9135.5,-1149,-11.17,-0.08,""
"JUSTDIAL",15,755.12,683.3,11326.77,10249.5,-1077.27,-9.51,0.26,""
"NETWEB",5,5148.12,4939.2,25740.6,24696,-1044.6,-4.06,2.56,""
"KPRMILL",10,1179.15,1076.7,11791.5,10767,-1024.5,-8.69,-0.86,""
"ADANIPOWER",40,232.65,209,9306,8360,-946,-10.17,0.42,""
"PVRINOX",27,1186.68,1156,32040.3,31212,-828.3,-2.59,0.49,""
"LTF",30,334,308,10020,9240,-780,-7.78,-2.73,""
"PRINCEPIPE",40,289.85,271,11594,10840,-754,-6.5,-1.22,""
"DLF",15,683.9,642,10258.5,9630,-628.5,-6.13,0,""
"GRAVITA",5,1855,1732.1,9275,8660.5,-614.5,-6.63,0.76,""
"ADANIENT",4,3168.8,3020,12675.2,12080,-595.2,-4.7,-0.2,""
"HAL",5,5025.46,4910,25127.3,24550,-577.3,-2.3,-0.2,""
"BAJAJHFL",100,91.27,85.79,9127,8579,-548,-6,-0.72,""
"ZYDUSLIFE",10,1163.6,1114.2,11636,11142,-494,-4.25,0.56,""
"ALKYLAMINE",5,1989.89,1893.9,9949.45,9469.5,-479.95,-4.82,-1.46,""
"ASIANPAINT",4,2845.9,2735,11383.6,10940,-443.6,-3.9,-0.73,""
"RELIANCE",15,1363.21,1334.8,20448.1,20022,-426.1,-2.08,0.74,""
"AGI",28,724.16,709.8,20276.53,19874.4,-402.13,-1.98,-0.11,""
"MASTEK",9,1873.88,1832,16864.9,16488,-376.9,-2.23,0.49,""
"PREMIERENE",10,1074.9,1047.2,10749,10472,-277,-2.58,0.53,""
"DIXON",1,14473,14200,14473,14200,-273,-1.89,0,""
"AFFLE",11,1667.6,1645.6,18343.6,18101.6,-242,-1.32,-2.55,""
"METROPOLIS",25,572.65,563.2,14316.25,14080,-236.25,-1.65,-0.25,""
"ACE",13,1110.86,1094.3,14441.2,14225.9,-215.3,-1.49,-1.74,""
"ANANTRAJ",30,622.05,615.9,18661.5,18477,-184.5,-0.99,-0.24,""
"IIFL",30,617.8,611.75,18534,18352.5,-181.5,-0.98,0.39,""
"MANORAMA",6,1658.42,1636.2,9950.52,9817.2,-133.32,-1.34,0.76,""
"TECHM",6,1647.5,1635,9885,9810,-75,-0.76,0.17,""
"RAINBOW",7,1557.5,1556.7,10902.5,10896.9,-5.6,-0.05,-1.05,""
"HCLTECH",1,1356.6,1356.6,1356.6,1356.6,0,0,1.62,""
"VMART",12,799.09,799.35,9589.08,9592.2,3.12,0.03,-1.79,""
"MOM100",150,67.82,68.02,10173,10203,30,0.29,-0.57,""
"CAPLIPOINT",8,2568.4,2574.1,20547.2,20592.8,45.6,0.22,-0.45,""
"COFORGE",12,1771.6,1776,21259.2,21312,52.8,0.25,0.18,""
"OFSS",1,11699.95,11805,11699.95,11805,105.05,0.9,0.6,""
"MON100",2,245.18,328.99,490.36,657.98,167.62,34.18,-1.01,""
"AIIL",1,428.05,596.6,428.05,596.6,168.55,39.38,0.07,""
"TANLA",26,606.89,613.55,15779.05,15952.3,173.25,1.1,0.76,""
"SUNPHARMA",5,1910,1945,9550,9725,175,1.83,-0.31,""
"JINDALSAW",50,265.25,271.4,13262.5,13570,307.5,2.32,2.32,""
"MID150BEES",30,231.29,241.58,6938.7,7247.4,308.7,4.45,0.01,""
"ETERNAL",50,305.4,315,15270,15750,480,3.14,-0.4,""
"LALPATHLAB",11,1879.4,1931.6,20673.4,21247.6,574.2,2.78,0.19,""
"SMALLCAP",420,46.27,47.94,19432.6,20134.8,702.2,3.61,-0.64,""
"KALYANKJIL",35,585.75,606.3,20501.35,21220.5,719.15,3.51,1.39,""
"LTM",5,4496.53,4658.1,22482.65,23290.5,807.85,3.59,2.87,""
"NAVINFLUOR",3,7909.67,8271,23729,24813,1084,4.57,-4.38,""
"PAYTM",25,1394.29,1441.6,34857.2,36040,1182.8,3.39,-0.03,""
